<?xml version="1.0" encoding="UTF-8" standalone="yes"?>
<manifest>
  <control namespace="Contoso" constructor="JustaLabelControl" version="1.10.3" display-name-key="Just a Label Control" description-key="Just a Label Control is used to display just a label" control-type="standard" api-version="1.3.11">
    <external-service-usage enabled="false"/>
    <property name="field" display-name-key="Field" description-key="Field" of-type="SingleLine.Text" usage="bound" required="true"/>
    <property name="labeltext" display-name-key="Label Text" description-key="What do you want to display in this label control" of-type="Multiple" usage="input" required="true"/>
    <property name="styleparam" display-name-key="Css Style Attribute" description-key="Optional - add name/value pairs e.g. color:red;font-size:14px" of-type="SingleLine.Text" usage="input" required="false"/>
    <resources>
      <code path="bundle.js" order="1"/>
    </resources>
    <built-by name="pac" version="1.30.2"/>
  </control>
</manifest>